brand,emotion,n,k,share,ci_low,ci_high,small_n
Apple Watch,Anxiety / worry,2082,115,0.05523535062439962,0.04621672909267288,0.0658922632680126,False
Apple Watch,Confusion / doubt,2082,325,0.15609990393852066,0.14114418370509496,0.17232238058243288,False
Apple Watch,Frustration & disappointment,2082,186,0.0893371757925072,0.07782935547182528,0.102357673111745,False
Apple Watch,Pride & joy,2082,185,0.0888568683957733,0.07737955204822859,0.10184863095473769,False
Apple Watch,Curiosity / help-seeking,2082,562,0.26993275696445723,0.2513004710429775,0.289412495847701,False
Garmin,Anxiety / worry,1586,41,0.025851197982345524,0.019112541849049994,0.034881264829552464,False
Garmin,Confusion / doubt,1586,276,0.17402269861286254,0.15615715599808314,0.19346358609345607,False
Garmin,Frustration & disappointment,1586,141,0.08890290037831021,0.07587097407391559,0.10392152852508547,False
Garmin,Pride & joy,1586,131,0.08259773013871374,0.07003736863490509,0.09717526437205612,False
Garmin,Curiosity / help-seeking,1586,468,0.29508196721311475,0.2731524684827121,0.31800176977599254,False
Oura,Anxiety / worry,1730,104,0.06011560693641618,0.04985910504059461,0.07232137557539707,False
Oura,Confusion / doubt,1730,277,0.1601156069364162,0.14359077838854825,0.17814657062880143,False
Oura,Frustration & disappointment,1730,179,0.10346820809248555,0.08998357142423057,0.11871000242934408,False
Oura,Pride & joy,1730,159,0.09190751445086705,0.07918315173857972,0.10644026391830615,False
Oura,Curiosity / help-seeking,1730,476,0.2751445086705202,0.25461560869278943,0.29666981438161366,False
WHOOP,Anxiety / worry,1604,59,0.03678304239401496,0.028622786121512006,0.047156818038499776,False
WHOOP,Confusion / doubt,1604,251,0.15648379052369077,0.13952670328455943,0.1750823975124345,False
WHOOP,Frustration & disappointment,1604,169,0.10536159600997506,0.09126771935565642,0.12134128391929305,False
WHOOP,Pride & joy,1604,139,0.08665835411471322,0.07385883345187637,0.10143306097354464,False
WHOOP,Curiosity / help-seeking,1604,493,0.307356608478803,0.2852588687149172,0.33037491013493964,False
