brand,stage,emotion,n,k,share,ci_low,ci_high,small_n
Apple Watch,considering,Anxiety / worry,168,9,0.05357142857142857,0.02843660362403755,0.09866649597466265,False
Apple Watch,considering,Confusion / doubt,168,51,0.30357142857142855,0.23907448718198254,0.37685087664144556,False
Apple Watch,considering,Frustration & disappointment,168,7,0.041666666666666664,0.020327291690358303,0.08349855723097391,False
Apple Watch,considering,Pride & joy,168,13,0.07738095238095238,0.045776527007459655,0.12788107394597656,False
Apple Watch,considering,Curiosity / help-seeking,168,96,0.5714285714285714,0.49582256887553966,0.6438409351886684,False
Apple Watch,first_weeks,Anxiety / worry,224,17,0.07589285714285714,0.04792048612644476,0.11816683067610578,False
Apple Watch,first_weeks,Confusion / doubt,224,54,0.24107142857142858,0.18972496558010096,0.3011493962572457,False
Apple Watch,first_weeks,Frustration & disappointment,224,18,0.08035714285714286,0.05143160590054009,0.12343373914619414,False
Apple Watch,first_weeks,Pride & joy,224,21,0.09375,0.06213634162352002,0.13906308815576524,False
Apple Watch,first_weeks,Curiosity / help-seeking,224,116,0.5178571428571429,0.4526721349549174,0.5824399780218175,False
Apple Watch,daily_habit,Anxiety / worry,74,2,0.02702702702702703,0.007443196562309684,0.09329471221654377,False
Apple Watch,daily_habit,Confusion / doubt,74,12,0.16216216216216217,0.09526970042922196,0.26240023441281624,False
Apple Watch,daily_habit,Frustration & disappointment,74,7,0.0945945945945946,0.04657934593059061,0.1826245758798552,False
Apple Watch,daily_habit,Pride & joy,74,9,0.12162162162162163,0.0653224180677459,0.21526790895533687,False
Apple Watch,daily_habit,Curiosity / help-seeking,74,21,0.28378378378378377,0.19373406470259974,0.3951746935963046,False
Apple Watch,cancelling,Anxiety / worry,101,8,0.07920792079207921,0.04068048623667317,0.14857263466190143,False
Apple Watch,cancelling,Confusion / doubt,101,20,0.19801980198019803,0.1320040139836005,0.2861658727789059,False
Apple Watch,cancelling,Frustration & disappointment,101,18,0.1782178217821782,0.1158097450050057,0.26420734744684543,False
Apple Watch,cancelling,Pride & joy,101,8,0.07920792079207921,0.04068048623667317,0.14857263466190143,False
Apple Watch,cancelling,Curiosity / help-seeking,101,31,0.3069306930693069,0.22543494459305358,0.4025753108780571,False
Garmin,considering,Anxiety / worry,293,19,0.06484641638225255,0.041903357011936274,0.09905262759399495,False
Garmin,considering,Confusion / doubt,293,81,0.2764505119453925,0.22838264978267234,0.33030454230900225,False
Garmin,considering,Frustration & disappointment,293,18,0.06143344709897611,0.03920905464201846,0.095009329843175,False
Garmin,considering,Pride & joy,293,19,0.06484641638225255,0.041903357011936274,0.09905262759399495,False
Garmin,considering,Curiosity / help-seeking,293,140,0.4778156996587031,0.4212775508807854,0.5349280483344191,False
Garmin,first_weeks,Anxiety / worry,399,29,0.07268170426065163,0.051079094281686846,0.10243434623686933,False
Garmin,first_weeks,Confusion / doubt,399,109,0.2731829573934837,0.23177829102752867,0.31891359382249673,False
Garmin,first_weeks,Frustration & disappointment,399,26,0.06516290726817042,0.044853286985287635,0.09376596187083845,False
Garmin,first_weeks,Pride & joy,399,27,0.06766917293233082,0.04691950601317123,0.09666447339709823,False
Garmin,first_weeks,Curiosity / help-seeking,399,192,0.48120300751879697,0.4325895731806359,0.5301749476632889,False
Garmin,daily_habit,Anxiety / worry,79,2,0.02531645569620253,0.006970221164761904,0.08768753532473128,False
Garmin,daily_habit,Confusion / doubt,79,16,0.20253164556962025,0.12869001243979505,0.303962181626954,False
Garmin,daily_habit,Frustration & disappointment,79,8,0.10126582278481013,0.05221118365843358,0.1873013317927407,False
Garmin,daily_habit,Pride & joy,79,6,0.0759493670886076,0.03527156793366646,0.15595602786361415,False
Garmin,daily_habit,Curiosity / help-seeking,79,33,0.4177215189873418,0.3152645504906467,0.5278094606341988,False
Garmin,cancelling,Anxiety / worry,145,4,0.027586206896551724,0.010778728538865683,0.06877967448824501,False
Garmin,cancelling,Confusion / doubt,145,19,0.1310344827586207,0.08551633457290873,0.19559862253585658,False
Garmin,cancelling,Frustration & disappointment,145,25,0.1724137931034483,0.11959690383831326,0.2421406749031139,False
Garmin,cancelling,Pride & joy,145,13,0.0896551724137931,0.05314302364985655,0.1473493118262469,False
Garmin,cancelling,Curiosity / help-seeking,145,44,0.30344827586206896,0.23448664658031904,0.38255590066453715,False
Oura,considering,Anxiety / worry,236,21,0.08898305084745763,0.05893610462854583,0.13219670969557473,False
Oura,considering,Confusion / doubt,236,66,0.2796610169491525,0.2262767980810222,0.34010367970098054,False
Oura,considering,Frustration & disappointment,236,20,0.0847457627118644,0.055527802018252914,0.12726617534013693,False
Oura,considering,Pride & joy,236,14,0.059322033898305086,0.035661909350314006,0.09709904621369157,False
Oura,considering,Curiosity / help-seeking,236,129,0.5466101694915254,0.4828551174082831,0.6088720892147549,False
Oura,first_weeks,Anxiety / worry,495,64,0.1292929292929293,0.10256559303099093,0.16172992682942167,False
Oura,first_weeks,Confusion / doubt,495,125,0.25252525252525254,0.2162570971980529,0.29260503458887105,False
Oura,first_weeks,Frustration & disappointment,495,46,0.09292929292929293,0.07039365894068905,0.12173466395780219,False
Oura,first_weeks,Pride & joy,495,62,0.12525252525252525,0.09894792192430088,0.15732902049589828,False
Oura,first_weeks,Curiosity / help-seeking,495,206,0.4161616161616162,0.3735458716413707,0.4600686464741995,False
Oura,daily_habit,Anxiety / worry,68,4,0.058823529411764705,0.023110391480533066,0.14171889962656925,False
Oura,daily_habit,Confusion / doubt,68,12,0.17647058823529413,0.10393485385088719,0.28360662629432115,False
Oura,daily_habit,Frustration & disappointment,68,8,0.11764705882352941,0.06083419938921196,0.21535118623694333,False
Oura,daily_habit,Pride & joy,68,7,0.10294117647058823,0.05076512677817478,0.19758123521821724,False
Oura,daily_habit,Curiosity / help-seeking,68,28,0.4117647058823529,0.3025783771245051,0.5303874810969154,False
Oura,cancelling,Anxiety / worry,216,19,0.08796296296296297,0.05703520495946203,0.13329092076014704,False
Oura,cancelling,Confusion / doubt,216,34,0.1574074074074074,0.11488138493825323,0.21190662970501722,False
Oura,cancelling,Frustration & disappointment,216,42,0.19444444444444445,0.1471946266613268,0.2523730620745631,False
Oura,cancelling,Pride & joy,216,13,0.06018518518518518,0.03550604178741986,0.10023532836272461,False
Oura,cancelling,Curiosity / help-seeking,216,56,0.25925925925925924,0.20538379883057292,0.32154831956740093,False
WHOOP,considering,Anxiety / worry,234,5,0.021367521367521368,0.009160505364670172,0.049036210432734484,False
WHOOP,considering,Confusion / doubt,234,49,0.2094017094017094,0.1621721712159847,0.2660186919467253,False
WHOOP,considering,Frustration & disappointment,234,32,0.13675213675213677,0.09856052903603107,0.18667804991735643,False
WHOOP,considering,Pride & joy,234,24,0.10256410256410256,0.06989500108757682,0.1480719147084824,False
WHOOP,considering,Curiosity / help-seeking,234,93,0.3974358974358974,0.33687661151229825,0.461308399015717,False
WHOOP,first_weeks,Anxiety / worry,391,24,0.061381074168797956,0.0415911709848548,0.08970603781989123,False
WHOOP,first_weeks,Confusion / doubt,391,86,0.21994884910485935,0.18172579283364437,0.2636214046247795,False
WHOOP,first_weeks,Frustration & disappointment,391,33,0.08439897698209718,0.06072607815193912,0.1161590322315666,False
WHOOP,first_weeks,Pride & joy,391,50,0.1278772378516624,0.09835893146539473,0.16463665967799043,False
WHOOP,first_weeks,Curiosity / help-seeking,391,184,0.47058823529411764,0.42163992449113197,0.5201088679360085,False
WHOOP,daily_habit,Anxiety / worry,80,7,0.0875,0.04303145464743989,0.1697698277708346,False
WHOOP,daily_habit,Confusion / doubt,80,13,0.1625,0.09749727334375492,0.2584310486348333,False
WHOOP,daily_habit,Frustration & disappointment,80,10,0.125,0.06933483036777514,0.2150299718306562,False
WHOOP,daily_habit,Pride & joy,80,6,0.075,0.03482477485108787,0.15412200097380097,False
WHOOP,daily_habit,Curiosity / help-seeking,80,28,0.35,0.2545439440982969,0.4592019767810756,False
WHOOP,cancelling,Anxiety / worry,353,12,0.0339943342776204,0.019551042785372372,0.05847125057952679,False
WHOOP,cancelling,Confusion / doubt,353,67,0.18980169971671387,0.15231656033911195,0.2339657565208057,False
WHOOP,cancelling,Frustration & disappointment,353,90,0.254957507082153,0.21229737670098392,0.30289367725685057,False
WHOOP,cancelling,Pride & joy,353,27,0.0764872521246459,0.053096038948494295,0.1089971699150463,False
WHOOP,cancelling,Curiosity / help-seeking,353,90,0.254957507082153,0.21229737670098392,0.30289367725685057,False
