theme,brand,emotion,n,k,share,ci_low,ci_high,small_n
Sleep,Apple Watch,Anxiety / worry,682,47,0.0689149560117302,0.05221830306662484,0.0904408765456938,False
Sleep,Apple Watch,Confusion / doubt,682,105,0.15395894428152493,0.12881666270154138,0.18297778079678248,False
Sleep,Apple Watch,Frustration & disappointment,682,68,0.09970674486803519,0.0794138406861668,0.12448396895384337,False
Sleep,Apple Watch,Pride & joy,682,59,0.08651026392961877,0.06766001522215383,0.10999266726313144,False
Sleep,Apple Watch,Curiosity / help-seeking,682,163,0.23900293255131966,0.20851327434486366,0.2724164330394654,False
Sleep,Garmin,Anxiety / worry,187,12,0.06417112299465241,0.037085852127746975,0.10880267532119497,False
Sleep,Garmin,Confusion / doubt,187,31,0.1657754010695187,0.11931407186804938,0.22569246758666067,False
Sleep,Garmin,Frustration & disappointment,187,16,0.0855614973262032,0.05335079161135415,0.13445731731248634,False
Sleep,Garmin,Pride & joy,187,19,0.10160427807486631,0.06601451806968045,0.15323327696033395,False
Sleep,Garmin,Curiosity / help-seeking,187,56,0.2994652406417112,0.23839253117779569,0.3686113924950303,False
Sleep,Oura,Anxiety / worry,394,22,0.05583756345177665,0.03715990804599652,0.08309297651911685,False
Sleep,Oura,Confusion / doubt,394,72,0.18274111675126903,0.1477061340397416,0.22390306922105363,False
Sleep,Oura,Frustration & disappointment,394,41,0.10406091370558376,0.07763720385512213,0.13813108181435035,False
Sleep,Oura,Pride & joy,394,30,0.07614213197969544,0.053853040202086574,0.10661685535433589,False
Sleep,Oura,Curiosity / help-seeking,394,109,0.2766497461928934,0.23479531137800685,0.322817567717593,False
Sleep,WHOOP,Anxiety / worry,297,19,0.06397306397306397,0.04133372077738285,0.09774810833135744,False
Sleep,WHOOP,Confusion / doubt,297,47,0.15824915824915825,0.1211399715158057,0.2040863269748286,False
Sleep,WHOOP,Frustration & disappointment,297,24,0.08080808080808081,0.0549015785345305,0.11742033439240515,False
Sleep,WHOOP,Pride & joy,297,18,0.06060606060606061,0.03867625075044014,0.09375756159466106,False
Sleep,WHOOP,Curiosity / help-seeking,297,95,0.31986531986531985,0.2694083983802158,0.3749227047650938,False
Recovery,Apple Watch,Anxiety / worry,77,7,0.09090909090909091,0.04473514189357164,0.17596311247051816,False
Recovery,Apple Watch,Confusion / doubt,77,6,0.07792207792207792,0.036200461908799254,0.15975805449859498,False
Recovery,Apple Watch,Frustration & disappointment,77,4,0.05194805194805195,0.02038438860493938,0.12609465188906374,False
Recovery,Apple Watch,Pride & joy,77,5,0.06493506493506493,0.02805266679607036,0.1431661116546283,False
Recovery,Apple Watch,Curiosity / help-seeking,77,18,0.23376623376623376,0.1532949838383708,0.33954038804937015,False
Recovery,Garmin,Anxiety / worry,129,7,0.05426356589147287,0.026530617490702076,0.10777670792543265,False
Recovery,Garmin,Confusion / doubt,129,20,0.15503875968992248,0.10266146097337198,0.22736768652259315,False
Recovery,Garmin,Frustration & disappointment,129,17,0.13178294573643412,0.08393214590804618,0.20093042726180424,False
Recovery,Garmin,Pride & joy,129,6,0.046511627906976744,0.021488293026176247,0.09776350761458688,False
Recovery,Garmin,Curiosity / help-seeking,129,40,0.31007751937984496,0.23672366283538515,0.3944159801680114,False
Recovery,Oura,Anxiety / worry,114,14,0.12280701754385964,0.0745805246720894,0.19562626138648417,False
Recovery,Oura,Confusion / doubt,114,17,0.14912280701754385,0.09523704718101651,0.22588554450137743,False
Recovery,Oura,Frustration & disappointment,114,11,0.09649122807017543,0.0547355846007207,0.16455539583403236,False
Recovery,Oura,Pride & joy,114,7,0.06140350877192982,0.030058899274456374,0.12134434032853611,False
Recovery,Oura,Curiosity / help-seeking,114,33,0.2894736842105263,0.21416522774282082,0.3785083272666156,False
Recovery,WHOOP,Anxiety / worry,200,12,0.06,0.0346518499012715,0.10193263530685089,False
Recovery,WHOOP,Confusion / doubt,200,28,0.14,0.09866918625271481,0.19489993800847627,False
Recovery,WHOOP,Frustration & disappointment,200,15,0.075,0.045974507057252416,0.12004459797332034,False
Recovery,WHOOP,Pride & joy,200,14,0.07,0.04215178292291873,0.11405578216683726,False
Recovery,WHOOP,Curiosity / help-seeking,200,61,0.305,0.24536314352669053,0.3719867987814547,False
Strain & training,Apple Watch,Anxiety / worry,962,40,0.04158004158004158,0.030682106064341356,0.05612467467486061,False
Strain & training,Apple Watch,Confusion / doubt,962,165,0.17151767151767153,0.1490144926822808,0.19663390349365537,False
Strain & training,Apple Watch,Frustration & disappointment,962,84,0.08731808731808732,0.07108011738800026,0.10683891198493213,False
Strain & training,Apple Watch,Pride & joy,962,87,0.09043659043659044,0.07390435878448062,0.11022686935893339,False
Strain & training,Apple Watch,Curiosity / help-seeking,962,294,0.30561330561330563,0.27732325529903434,0.33544968800761155,False
Strain & training,Garmin,Anxiety / worry,634,16,0.025236593059936908,0.01559257859831091,0.040599428947136106,False
Strain & training,Garmin,Confusion / doubt,634,128,0.20189274447949526,0.1724841544125083,0.23489222241835378,False
Strain & training,Garmin,Frustration & disappointment,634,62,0.09779179810725552,0.07703552151319018,0.12339292341733801,False
Strain & training,Garmin,Pride & joy,634,44,0.0694006309148265,0.05210173452403416,0.09188636534276662,False
Strain & training,Garmin,Curiosity / help-seeking,634,224,0.35331230283911674,0.3170893206509969,0.3913022298530782,False
Strain & training,Oura,Anxiety / worry,253,19,0.07509881422924901,0.04860149890819596,0.1143066904193896,False
Strain & training,Oura,Confusion / doubt,253,42,0.16600790513833993,0.12522406439389236,0.2167828379147679,False
Strain & training,Oura,Frustration & disappointment,253,21,0.08300395256916997,0.05492848707613078,0.12355350338024389,False
Strain & training,Oura,Pride & joy,253,19,0.07509881422924901,0.04860149890819596,0.1143066904193896,False
Strain & training,Oura,Curiosity / help-seeking,253,92,0.36363636363636365,0.3068091483711567,0.4245427821572312,False
Strain & training,WHOOP,Anxiety / worry,440,19,0.04318181818181818,0.027816122282212582,0.06645534753945352,False
Strain & training,WHOOP,Confusion / doubt,440,75,0.17045454545454544,0.13820702903792753,0.20840671784834897,False
Strain & training,WHOOP,Frustration & disappointment,440,41,0.09318181818181819,0.06943089807881092,0.12397503773252358,False
Strain & training,WHOOP,Pride & joy,440,37,0.08409090909090909,0.06162179888191928,0.11375968856765732,False
Strain & training,WHOOP,Curiosity / help-seeking,440,138,0.31363636363636366,0.27205421007083763,0.3584445985131257,False
HRV,Apple Watch,Anxiety / worry,83,8,0.0963855421686747,0.04965214649257531,0.17882821315072928,False
HRV,Apple Watch,Confusion / doubt,83,11,0.13253012048192772,0.07564228787871974,0.22192938284130387,False
HRV,Apple Watch,Frustration & disappointment,83,7,0.08433734939759036,0.04145280918254788,0.16399711343518372,False
HRV,Apple Watch,Pride & joy,83,5,0.060240963855421686,0.026003017602439858,0.13338603096414572,False
HRV,Apple Watch,Curiosity / help-seeking,83,32,0.3855421686746988,0.2881099453171214,0.49310090293993525,False
HRV,Garmin,Anxiety / worry,72,4,0.05555555555555555,0.02181386292692504,0.13432208357209396,False
HRV,Garmin,Confusion / doubt,72,13,0.18055555555555555,0.10866714144495851,0.2848055701012113,False
HRV,Garmin,Frustration & disappointment,72,8,0.1111111111111111,0.05738751060073767,0.20423144258590392,False
HRV,Garmin,Pride & joy,72,2,0.027777777777777776,0.007650861466140468,0.09574358168906721,False
HRV,Garmin,Curiosity / help-seeking,72,18,0.25,0.16438921125325756,0.36093725865244064,False
HRV,Oura,Anxiety / worry,110,17,0.15454545454545454,0.09878570478208984,0.23362002387948907,False
HRV,Oura,Confusion / doubt,110,28,0.2545454545454545,0.18238075813593077,0.34327594380782267,False
HRV,Oura,Frustration & disappointment,110,5,0.045454545454545456,0.019569172065837193,0.10201731301518767,False
HRV,Oura,Pride & joy,110,4,0.03636363636363636,0.014230080586686157,0.08978813419595918,False
HRV,Oura,Curiosity / help-seeking,110,26,0.23636363636363636,0.16671070835585766,0.3238094529911368,False
HRV,WHOOP,Anxiety / worry,121,6,0.049586776859504134,0.022921361584731133,0.10397223798464317,False
HRV,WHOOP,Confusion / doubt,121,17,0.14049586776859505,0.08960457234643845,0.21351233740159423,False
HRV,WHOOP,Frustration & disappointment,121,5,0.04132231404958678,0.01777722390103202,0.0930960747430097,False
HRV,WHOOP,Pride & joy,121,9,0.0743801652892562,0.03962223436060222,0.1353322679847698,False
HRV,WHOOP,Curiosity / help-seeking,121,36,0.2975206611570248,0.22331381535259326,0.3841888119767584,False
Accuracy,Apple Watch,Anxiety / worry,214,13,0.06074766355140187,0.03584108510915189,0.10114652423635419,False
Accuracy,Apple Watch,Confusion / doubt,214,46,0.21495327102803738,0.16519756849198372,0.2747624758705256,False
Accuracy,Apple Watch,Frustration & disappointment,214,25,0.11682242990654206,0.08039250914137558,0.166766894755768,False
Accuracy,Apple Watch,Pride & joy,214,9,0.04205607476635514,0.0222808279430659,0.07798284988522769,False
Accuracy,Apple Watch,Curiosity / help-seeking,214,78,0.3644859813084112,0.3029181682249678,0.4308333282752415,False
Accuracy,Garmin,Anxiety / worry,193,6,0.031088082901554404,0.01432407677048586,0.06615484638396928,False
Accuracy,Garmin,Confusion / doubt,193,52,0.2694300518134715,0.21178677099326715,0.33607303099980745,False
Accuracy,Garmin,Frustration & disappointment,193,30,0.15544041450777202,0.11110337669376555,0.2132264397677954,False
Accuracy,Garmin,Pride & joy,193,10,0.05181347150259067,0.02838403649299239,0.09273670221264704,False
Accuracy,Garmin,Curiosity / help-seeking,193,60,0.31088082901554404,0.24980556012777821,0.37933787296766497,False
Accuracy,Oura,Anxiety / worry,142,9,0.06338028169014084,0.033699289202541324,0.11606319283276272,False
Accuracy,Oura,Confusion / doubt,142,38,0.2676056338028169,0.20161537852410938,0.3458388457850039,False
Accuracy,Oura,Frustration & disappointment,142,23,0.1619718309859155,0.11042155900083112,0.231330039994243,False
Accuracy,Oura,Pride & joy,142,8,0.056338028169014086,0.02882037060152546,0.1072286030795093,False
Accuracy,Oura,Curiosity / help-seeking,142,48,0.3380281690140845,0.26540265673385566,0.4191866511179506,False
Accuracy,WHOOP,Anxiety / worry,210,9,0.04285714285714286,0.02270827634074077,0.07943087712612443,False
Accuracy,WHOOP,Confusion / doubt,210,61,0.2904761904761905,0.23327557430555879,0.35520487103342124,False
Accuracy,WHOOP,Frustration & disappointment,210,30,0.14285714285714285,0.10193471154371501,0.1966115021022734,False
Accuracy,WHOOP,Pride & joy,210,13,0.06190476190476191,0.036530508778268835,0.10301951329414366,False
Accuracy,WHOOP,Curiosity / help-seeking,210,69,0.32857142857142857,0.2686215988076021,0.39468058374247245,False
Battery & comfort,Apple Watch,Anxiety / worry,499,30,0.06012024048096192,0.042433605465481194,0.08452804607647554,False
Battery & comfort,Apple Watch,Confusion / doubt,499,66,0.13226452905811623,0.10532978311059006,0.16481811236981567,False
Battery & comfort,Apple Watch,Frustration & disappointment,499,50,0.10020040080160321,0.07683255506679176,0.12967700977430333,False
Battery & comfort,Apple Watch,Pride & joy,499,50,0.10020040080160321,0.07683255506679176,0.12967700977430333,False
Battery & comfort,Apple Watch,Curiosity / help-seeking,499,150,0.30060120240480964,0.2620183413274528,0.34223079000933404,False
Battery & comfort,Garmin,Anxiety / worry,303,9,0.0297029702970297,0.015703850583924206,0.05547815342074791,False
Battery & comfort,Garmin,Confusion / doubt,303,51,0.16831683168316833,0.13039990072167396,0.21453898631320006,False
Battery & comfort,Garmin,Frustration & disappointment,303,26,0.0858085808580858,0.05922921290506115,0.12275914851659744,False
Battery & comfort,Garmin,Pride & joy,303,25,0.08250825082508251,0.056508920502450946,0.11896141989467902,False
Battery & comfort,Garmin,Curiosity / help-seeking,303,98,0.3234323432343234,0.27325476185468767,0.3780311133330313,False
Battery & comfort,Oura,Anxiety / worry,326,24,0.0736196319018405,0.04996794393017471,0.1072032558214637,False
Battery & comfort,Oura,Confusion / doubt,326,67,0.20552147239263804,0.16520785290066692,0.2526945584385942,False
Battery & comfort,Oura,Frustration & disappointment,326,40,0.12269938650306748,0.09141430444251761,0.1627731600859106,False
Battery & comfort,Oura,Pride & joy,326,17,0.05214723926380368,0.032809590524118415,0.0819169933876744,False
Battery & comfort,Oura,Curiosity / help-seeking,326,94,0.2883435582822086,0.2418595343254195,0.33975782382467445,False
Battery & comfort,WHOOP,Anxiety / worry,297,18,0.06060606060606061,0.03867625075044014,0.09375756159466106,False
Battery & comfort,WHOOP,Confusion / doubt,297,56,0.18855218855218855,0.14814955289728424,0.23690889646610166,False
Battery & comfort,WHOOP,Frustration & disappointment,297,31,0.10437710437710437,0.07451128483663161,0.14434674543577752,False
Battery & comfort,WHOOP,Pride & joy,297,23,0.07744107744107744,0.05215438323249791,0.11351951293079865,False
Battery & comfort,WHOOP,Curiosity / help-seeking,297,115,0.3872053872053872,0.3335822057402166,0.44370923267787454,False
Price & subscription,Apple Watch,Anxiety / worry,178,13,0.07303370786516854,0.043174612835219436,0.12093305009779477,False
Price & subscription,Apple Watch,Confusion / doubt,178,22,0.12359550561797752,0.0830541257608729,0.18004078761428438,False
Price & subscription,Apple Watch,Frustration & disappointment,178,13,0.07303370786516854,0.043174612835219436,0.12093305009779477,False
Price & subscription,Apple Watch,Pride & joy,178,19,0.10674157303370786,0.06940587053161903,0.1606932926961572,False
Price & subscription,Apple Watch,Curiosity / help-seeking,178,54,0.30337078651685395,0.2405772225498856,0.37447235906400256,False
Price & subscription,Garmin,Anxiety / worry,177,4,0.022598870056497175,0.00882238932124874,0.05665811958820571,False
Price & subscription,Garmin,Confusion / doubt,177,34,0.192090395480226,0.14084284229016547,0.2564197344620862,False
Price & subscription,Garmin,Frustration & disappointment,177,16,0.0903954802259887,0.05640721047408417,0.14178612557248918,False
Price & subscription,Garmin,Pride & joy,177,14,0.07909604519774012,0.04769776533218341,0.12837676619153682,False
Price & subscription,Garmin,Curiosity / help-seeking,177,56,0.3163841807909605,0.2523896496885266,0.38817977681510973,False
Price & subscription,Oura,Anxiety / worry,162,10,0.06172839506172839,0.03387147623021804,0.10988979958960039,False
Price & subscription,Oura,Confusion / doubt,162,25,0.15432098765432098,0.1067658535481554,0.21789092738015206,False
Price & subscription,Oura,Frustration & disappointment,162,32,0.19753086419753085,0.14353803306993532,0.2655366502423337,False
Price & subscription,Oura,Pride & joy,162,16,0.09876543209876543,0.06171046647748883,0.15440901138572521,False
Price & subscription,Oura,Curiosity / help-seeking,162,52,0.32098765432098764,0.2539588274217902,0.3963098627017977,False
Price & subscription,WHOOP,Anxiety / worry,283,9,0.03180212014134275,0.016819541906331167,0.05932561974386183,False
Price & subscription,WHOOP,Confusion / doubt,283,53,0.1872791519434629,0.1461242695356222,0.2368104233401671,False
Price & subscription,WHOOP,Frustration & disappointment,283,38,0.13427561837455831,0.0994138834069284,0.17893346927831671,False
Price & subscription,WHOOP,Pride & joy,283,19,0.06713780918727916,0.04339860120777945,0.10247145390277637,False
Price & subscription,WHOOP,Curiosity / help-seeking,283,86,0.303886925795053,0.2532217901668916,0.3598050511280949,False
App & coaching,Apple Watch,Anxiety / worry,737,38,0.051560379918588875,0.037792704032227786,0.06997878180226098,False
App & coaching,Apple Watch,Confusion / doubt,737,127,0.1723202170963365,0.14677112832582961,0.20126764271510544,False
App & coaching,Apple Watch,Frustration & disappointment,737,75,0.10176390773405698,0.08195986812632373,0.1256980171760135,False
App & coaching,Apple Watch,Pride & joy,737,56,0.07598371777476255,0.05897550688056897,0.09738936247881905,False
App & coaching,Apple Watch,Curiosity / help-seeking,737,244,0.3310719131614654,0.2980486921265299,0.36584707182625026,False
App & coaching,Garmin,Anxiety / worry,414,9,0.021739130434782608,0.011478213485484806,0.0407942265970728,False
App & coaching,Garmin,Confusion / doubt,414,84,0.2028985507246377,0.16697260921275608,0.24428754295974187,False
App & coaching,Garmin,Frustration & disappointment,414,44,0.10628019323671498,0.08012780946587357,0.1396722295919895,False
App & coaching,Garmin,Pride & joy,414,28,0.06763285024154589,0.04720394773867737,0.09601204607333177,False
App & coaching,Garmin,Curiosity / help-seeking,414,163,0.39371980676328505,0.34783988101888436,0.44155399455501737,False
App & coaching,Oura,Anxiety / worry,346,18,0.05202312138728324,0.033156966235019125,0.08072771757616856,False
App & coaching,Oura,Confusion / doubt,346,58,0.1676300578034682,0.1319669827226178,0.21059262139536017,False
App & coaching,Oura,Frustration & disappointment,346,53,0.1531791907514451,0.11905472888050295,0.19492051019912626,False
App & coaching,Oura,Pride & joy,346,39,0.11271676300578035,0.08355826447063495,0.1503807525016176,False
App & coaching,Oura,Curiosity / help-seeking,346,119,0.3439306358381503,0.29583771310296775,0.3954511444828654,False
App & coaching,WHOOP,Anxiety / worry,428,18,0.04205607476635514,0.02676531251107271,0.06549444199150414,False
App & coaching,WHOOP,Confusion / doubt,428,75,0.17523364485981308,0.14215000371694822,0.2140954344251854,False
App & coaching,WHOOP,Frustration & disappointment,428,58,0.13551401869158877,0.10631167491410878,0.1712011909144728,False
App & coaching,WHOOP,Pride & joy,428,36,0.08411214953271028,0.061373215703377816,0.11425043889590117,False
App & coaching,WHOOP,Curiosity / help-seeking,428,145,0.338785046728972,0.2955558419270662,0.38488254103557573,False
